t[s],Bpos,Bspd,A[cm²],Mma[Å²],P1[mN/m],P2[mN/m],T[°C],SP[V],pH,AD[V]
0.04,0,0,783,,0.0154,0,-213.35,,-1.36,0
1.13,0.138,10,782.6,,0.0077,0,-123.25,,-1.36,0
2.26,0.327,10,782.05,,0.0025,0,-169.79,,-1.36,0
3.26,0.494,10,781.57,,0.0312,0,-314.18,,-1.36,0
4.38,0.681,10,781.03,,0.0528,0,-494.19,,-1.36,0
5.38,0.851,10,780.53,,0.0654,0,-420.73,,-1.36,0
6.5,1.04,10,779.98,,0.0165,0,-313.25,,-1.36,0
7.51,1.205,10,779.51,,0.0328,0,-239.28,,-1.36,0
8.63,1.392,10,778.96,,0.0081,0,-295.38,,-1.36,0
9.75,1.581,10,778.42,,0.029,0,-262.74,,-1.36,0
10.87,1.768,10,777.87,,0.0138,0,-104.37,,-1.36,0
12,1.956,10,777.33,,0.0333,0,-76.38,,-1.36,0
13,2.123,10,776.84,,0.0222,0,-9.19,,-1.36,0
14.13,2.309,10,776.3,,0.0243,0,-82.07,,-1.36,0
15.13,2.476,10,775.82,,0.0086,0,-211.79,,-1.36,0
16.25,2.664,10,775.27,,0.0299,0,-260.02,,-1.36,0
17.25,2.829,10,774.79,,0.0226,0,-104.99,,-1.36,0
18.26,2.997,10,774.31,,0.0155,0,78.76,,-1.36,0
19.38,3.188,10,773.75,,0.0045,0,7.93,,-1.36,0
20.39,3.356,10,773.27,,0.011,0,-33.28,,-1.36,0
21.51,3.542,10,772.73,,0.016,0,54,,-1.36,0
22.53,3.713,10,772.23,,0.0405,0,29.88,,-1.36,0
23.54,3.881,10,771.75,,0.0236,0,25.72,,-1.36,0
24.66,4.068,10,771.2,,0.0282,0,-38.69,,-1.36,0
25.66,4.234,10,770.72,,0.017,0,-160.36,,-1.36,0
26.78,4.423,10,770.17,,0.0191,0,-326.79,,-1.36,0
27.9,4.61,10,769.63,,0.0193,0,-286.9,,-1.36,0
28.91,4.775,10,769.15,,0.0276,0,-119.61,,-1.36,0
29.93,4.947,10,768.65,,0.0156,0,-120.12,,-1.36,0
30.93,5.114,10,768.17,,0.0323,0,-327.1,,-1.36,0
31.94,5.286,10,767.67,,0.0549,0,-296.24,,-1.36,0
32.95,5.451,10,767.19,,0.0312,0,-112.01,,-1.36,0
34.07,5.638,10,766.65,,0.018,0,139.4,,-1.36,0
35.19,5.825,10,766.11,,0.023,0,147.74,,-1.36,0
36.19,5.993,10,765.62,,0.0458,0,121.83,,-1.36,0
37.31,6.181,10,765.08,,0.0197,0,180.02,,-1.36,0
38.31,6.347,10,764.59,,0.0253,0,145.19,,-1.36,0
39.44,6.534,10,764.05,,0.0091,0,9.17,,-1.36,0
40.56,6.723,10,763.5,,0.0237,0,-158.03,,-1.36,0
41.68,6.91,10,762.96,,0.0237,0,-227.07,,-1.36,0
42.69,7.075,10,762.48,,0.0056,0,-267.46,,-1.36,0
43.81,7.264,10,761.93,,-0.0064,0,-317.55,,-1.36,0
44.93,7.45,10,761.4,,0.0138,0,-200.35,,-1.36,0
46.06,7.638,10,760.85,,0.004,0,-2.21,,-1.36,0
47.06,7.805,10,760.37,,0.021,0,99.22,,-1.36,0
48.18,7.993,10,759.82,,0.0228,0,40.36,,-1.36,0
49.3,8.18,10,759.28,,0.031,0,6.6,,-1.36,0
50.3,8.346,10,758.8,,0.024,0,112.66,,-1.36,0
51.42,8.536,10,758.25,,0.024,0,112.71,,-1.36,0
52.43,8.701,10,757.77,,0.0324,0,-92.11,,-1.36,0
53.55,8.889,10,757.22,,0.0148,0,-297.63,,-1.36,0
54.67,9.075,10,756.68,,0.0103,0,-261,,-1.36,0
55.8,9.265,10,756.13,,0.0367,0,-260.09,,-1.36,0
56.92,9.451,10,755.59,,-0.0004,0,-297.48,,-1.36,0
58.04,9.638,10,755.05,,0.0189,0,-444.04,,-1.36,0
59.16,9.825,10,754.51,,-0.0018,0,-361.98,,-1.36,0
60.29,10.014,10,753.96,,0.0248,0,-260.34,,-1.36,0
61.41,10.202,10,753.41,,0.0083,0,-181.69,,-1.36,0
62.53,10.388,10,752.87,,0.0101,0,53.05,,-1.36,0
63.53,10.555,10,752.39,,0.0024,0,160.02,,-1.36,0
64.65,10.742,10,751.85,,0.0104,0,60.55,,-1.36,0
65.77,10.93,10,751.3,,0.0023,0,60.97,,-1.36,0
66.78,11.101,10,750.81,,-0.0057,0,123.18,,-1.36,0
67.9,11.284,10,750.28,,0.0019,0,53.48,,-1.36,0
68.91,11.455,10,749.78,,-0.0132,0,-278.91,,-1.36,0
70.03,11.642,10,749.24,,0.0068,0,-407.33,,-1.36,0
71.15,11.825,10,748.71,,0.0335,0,-322.74,,-1.37,0
72.27,12.014,10,748.16,,0.0209,0,-97.15,,-1.37,0
73.4,12.2,10,747.62,,0.0231,0,-48.61,,-1.37,0
74.52,12.389,10,747.07,,0.0159,0,-95.93,,-1.37,0
75.65,12.576,10,746.53,,0.0138,0,-98.52,,-1.37,0
76.77,12.762,10,745.99,,0.0023,0,43.52,,-1.37,0
77.77,12.932,10,745.5,,0.0102,0,130.53,,-1.37,0
78.88,13.117,10,744.96,,0.004,0,-20.53,,-1.37,0
79.89,13.285,10,744.47,,0.038,0,-277.44,,-1.37,0
81.01,13.471,10,743.93,,-0.0147,0,-252.07,,-1.37,0
82.02,13.642,10,743.44,,0.0201,0,-77.25,,-1.37,0
83.02,13.81,10,742.95,,-0.0138,0,-1.06,,-1.37,0
84.02,13.975,10,742.47,,0.0043,0,-100.58,,-1.37,0
85.02,14.142,10,741.99,,-0.0102,0,-335.58,,-1.37,0
86.15,14.33,10,741.44,,0.0103,0,-392.69,,-1.37,0
87.27,14.519,10,740.9,,0.0073,0,-288.46,,-1.37,0
88.28,14.689,10,740.4,,0.0032,0,-104.82,,-1.37,0
89.4,14.875,10,739.86,,-0.0031,0,-29.4,,-1.37,0
90.41,15.043,10,739.38,,0.02,0,-54.71,,-1.37,0
91.41,15.208,10,738.9,,0.0168,0,-129.95,,-1.37,0
92.53,15.398,10,738.35,,0.0158,0,-298.97,,-1.37,0
93.66,15.584,10,737.81,,0.001,0,-376.64,,-1.37,0
94.67,15.756,10,737.31,,0.0214,0,-386.87,,-1.37,0
95.68,15.92,10,736.83,,0.0027,0,-218.08,,-1.37,0
96.69,16.092,10,736.33,,-0.0082,0,-70.73,,-1.37,0
97.69,16.258,10,735.85,,0.0086,0,-46.92,,-1.37,0
98.7,16.425,10,735.37,,0.006,0,-103.56,,-1.37,0
99.7,16.593,10,734.88,,-0.0053,0,-285.51,,-1.37,0
100.82,16.78,10,734.34,,0.0028,0,-255.14,,-1.37,0
101.82,16.947,10,733.85,,-0.0109,0,-128.87,,-1.37,0
102.95,17.135,10,733.31,,0.0064,0,-74.5,,-1.37,0
104.07,17.322,10,732.77,,-0.0075,0,-15.34,,-1.37,0
105.07,17.488,10,732.29,,0.0077,0,-92.13,,-1.37,0
106.19,17.676,10,731.74,,-0.0045,0,65.44,,-1.37,0
107.2,17.847,10,731.24,,0.0025,0,36.03,,-1.37,0
108.32,18.034,10,730.7,,-0.0008,0,57.19,,-1.37,0
109.45,18.22,10,730.16,,0.0017,0,-69.42,,-1.37,0
110.57,18.41,10,729.61,,0.0072,0,-144.93,,-1.37,0
111.57,18.576,10,729.13,,0.0124,0,-289.79,,-1.37,0
112.7,18.762,10,728.59,,0.0074,0,-118.41,,-1.37,0
113.82,18.951,10,728.04,,0.036,0,105.98,,-1.37,0
114.94,19.139,10,727.5,,0.0162,0,69.12,,-1.37,0
116.07,19.326,10,726.95,,0.0083,0,-142.65,,-1.37,0
117.07,19.49,10,726.48,,0.0103,0,-340.7,,-1.37,0
118.19,19.68,10,725.93,,-0.0027,0,-275.8,,-1.37,0
119.31,19.866,10,725.39,,-0.0005,0,-283.42,,-1.37,0
120.31,20.034,10,724.9,,0.0016,0,-355.85,,-1.37,0
121.43,20.221,10,724.36,,0.0015,0,-377.92,,-1.37,0
122.56,20.407,10,723.82,,-0.0024,0,-326.62,,-1.37,0
123.68,20.597,10,723.27,,-0.0034,0,-269.94,,-1.37,0
124.68,20.765,10,722.78,,-0.0061,0,-35.07,,-1.37,0
125.79,20.949,10,722.25,,-0.0176,0,24.25,,-1.37,0
126.8,21.116,10,721.76,,0.0125,0,87.49,,-1.37,0
127.92,21.304,10,721.22,,-0.0156,0,55.19,,-1.37,0
129.04,21.493,10,720.67,,0.0005,0,152.56,,-1.37,0
130.16,21.675,10,720.14,,-0.0079,0,175.92,,-1.37,0
131.16,21.847,10,719.64,,0.0075,0,16.64,,-1.37,0
132.16,22.013,10,719.16,,0.0067,0,-241.78,,-1.37,0
133.29,22.2,10,718.62,,0.0073,0,-487.01,,-1.37,0
134.29,22.367,10,718.14,,0.0121,0,-533.96,,-1.37,0
135.41,22.554,10,717.59,,0.0006,0,-460.38,,-1.37,0
136.42,22.722,10,717.11,,-0.0089,0,-442.07,,-1.37,0
137.44,22.891,10,716.61,,-0.0109,0,-417.54,,-1.37,0
138.56,23.08,10,716.07,,-0.0181,0,-352.15,,-1.37,0
139.69,23.267,10,715.53,,0.0014,0,-131.95,,-1.37,0
140.81,23.455,10,714.98,,-0.0162,0,-8.58,,-1.37,0
141.81,23.622,10,714.5,,-0.0075,0,130.26,,-1.37,0
142.82,23.793,10,714,,-0.0062,0,180.53,,-1.37,0
143.83,23.959,10,713.52,,-0.0098,0,92.71,,-1.37,0
144.95,24.145,10,712.98,,-0.0186,0,30.03,,-1.37,0
145.96,24.312,10,712.5,,-0.0036,0,-116.56,,-1.37,0
146.96,24.481,10,712,,-0.0225,0,-89.7,,-1.37,0
147.97,24.65,10,711.51,,-0.0036,0,-183.78,,-1.37,0
149.09,24.839,10,710.97,,-0.0032,0,-112.45,,-1.37,0
150.21,25.026,10,710.42,,0.0022,0,-141.76,,-1.37,0
151.22,25.193,10,709.94,,-0.0066,0,-137.27,,-1.37,0
152.34,25.381,10,709.39,,-0.0136,0,-160.25,,-1.37,0
153.46,25.568,10,708.85,,-0.016,0,-148.29,,-1.37,0
154.59,25.754,10,708.31,,-0.012,0,-241.49,,-1.37,0
155.71,25.943,10,707.77,,-0.0131,0,-227.79,,-1.37,0
156.83,26.128,10,707.23,,-0.0021,0,-114.96,,-1.37,0
157.96,26.316,10,706.68,,-0.0079,0,23.97,,-1.37,0
159.08,26.503,10,706.14,,-0.0125,0,-177.79,,-1.37,0
160.09,26.669,10,705.66,,-0.011,0,-245.85,,-1.37,0
161.1,26.841,10,705.16,,-0.0171,0,-248.86,,-1.37,0
162.11,27.009,10,704.67,,-0.0216,0,-9.99,,-1.37,0
163.11,27.178,10,704.18,,-0.0142,0,-24.56,,-1.37,0
164.12,27.346,10,703.7,,-0.0098,0,-32.21,,-1.37,0
165.25,27.534,10,703.15,,-0.0254,0,46.67,,-1.37,0
166.37,27.721,10,702.61,,0.0006,0,-55.4,,-1.37,0
167.49,27.908,10,702.07,,-0.0055,0,-107.73,,-1.37,0
168.5,28.075,10,701.58,,0.0023,0,-164.22,,-1.37,0
169.62,28.262,10,701.04,,-0.0067,0,-194.56,,-1.37,0
170.75,28.451,10,700.49,,0.0117,0,-363.25,,-1.37,0
171.87,28.636,10,699.96,,-0.0203,0,-252.52,,-1.37,0
172.99,28.824,10,699.41,,-0.0121,0,-37.18,,-1.37,0
174.11,29.012,10,698.87,,-0.0274,0,82.73,,-1.37,0
175.23,29.2,10,698.32,,-0.0222,0,53.62,,-1.37,0
176.24,29.367,10,697.84,,-0.0199,0,-24.73,,-1.37,0
177.24,29.535,10,697.35,,0.0067,0,-164.99,,-1.37,0
178.36,29.722,10,696.81,,-0.0005,0,-217.83,,-1.37,0
179.36,29.891,10,696.32,,-0.0063,0,-226.17,,-1.37,0
180.48,30.076,10,695.78,,-0.0061,0,-267.2,,-1.37,0
181.61,30.268,10,695.22,,0.009,0,-263.51,,-1.37,0
182.73,30.454,10,694.68,,-0.0296,0,-158.11,,-1.37,0
183.86,30.642,10,694.14,,-0.0192,0,60.29,,-1.37,0
184.86,30.808,10,693.66,,-0.0093,0,122.88,,-1.37,0
185.98,30.995,10,693.11,,0.0111,0,53.8,,-1.37,0
187.1,31.185,10,692.56,,-0.0153,0,-85.89,,-1.37,0
188.22,31.367,10,692.04,,-0.0019,0,-105.49,,-1.37,0
189.34,31.554,10,691.49,,-0.0195,0,-170.82,,-1.37,0
190.46,31.741,10,690.95,,-0.0123,0,-175.84,,-1.37,0
191.58,31.928,10,690.41,,-0.0175,0,-167.33,,-1.37,0
192.71,32.118,10,689.86,,-0.0078,0,-74.52,,-1.37,0
193.71,32.283,10,689.38,,-0.0103,0,-4.57,,-1.37,0
194.71,32.449,10,688.9,,0.0006,0,-63.15,,-1.37,0
195.83,32.637,10,688.35,,-0.0059,0,-177.04,,-1.37,0
196.84,32.808,10,687.86,,0.0039,0,-321.39,,-1.37,0
197.96,32.991,10,687.33,,0.0001,0,-224.19,,-1.37,0
198.96,33.158,10,686.84,,0.0057,0,-160.78,,-1.37,0
200.08,33.35,10,686.29,,-0.0104,0,-52.37,,-1.37,0
201.2,33.538,10,685.74,,-0.0042,0,-77.01,,-1.37,0
202.22,33.704,10,685.26,,-0.0048,0,-148.83,,-1.37,0
203.22,33.872,10,684.77,,0.0014,0,-72.57,,-1.37,0
204.34,34.058,10,684.23,,-0.0024,0,-52.77,,-1.37,0
205.46,34.245,10,683.69,,0.0013,0,-48.85,,-1.37,0
206.47,34.413,10,683.2,,-0.02,0,-70.18,,-1.37,0
207.47,34.585,10,682.7,,-0.0159,0,-26.91,,-1.37,0
208.47,34.751,10,682.22,,-0.0153,0,38.32,,-1.37,0
209.59,34.937,10,681.68,,-0.0174,0,73.76,,-1.37,0
210.72,35.126,10,681.14,,-0.0235,0,210.63,,-1.37,0
211.84,35.313,10,680.59,,-0.0158,0,309.61,,-1.37,0
212.96,35.501,10,680.05,,-0.0136,0,211.56,,-1.37,0
213.97,35.668,10,679.56,,-0.0163,0,177.32,,-1.37,0
215.09,35.855,10,679.02,,-0.018,0,36.97,,-1.37,0
216.21,36.043,10,678.47,,-0.0162,0,-127.4,,-1.37,0
217.21,36.209,10,677.99,,-0.0042,0,-349.35,,-1.37,0
218.21,36.377,10,677.51,,-0.0139,0,-376.76,,-1.37,0
219.34,36.561,10,676.97,,-0.0121,0,-341.36,,-1.37,0
220.46,36.749,10,676.43,,-0.017,0,-158.5,,-1.37,0
221.58,36.938,10,675.88,,0.0103,0,-55.36,,-1.37,0
222.7,37.124,10,675.34,,-0.0093,0,28.1,,-1.37,0
223.82,37.313,10,674.79,,-0.008,0,100.29,,-1.37,0
224.94,37.498,10,674.25,,-0.02,0,118.11,,-1.37,0
225.96,37.665,10,673.77,,-0.0229,0,86.05,,-1.37,0
226.96,37.838,10,673.27,,-0.0153,0,-67.26,,-1.37,0
227.97,38.004,10,672.79,,-0.0132,0,-79.21,,-1.37,0
228.98,38.172,10,672.3,,-0.018,0,-183.57,,-1.37,0
229.98,38.341,10,671.81,,-0.0153,0,-149.56,,-1.37,0
230.99,38.51,10,671.32,,-0.0257,0,-137.05,,-1.37,0
232.11,38.695,10,670.79,,-0.0148,0,15.35,,-1.37,0
233.23,38.883,10,670.24,,-0.0195,0,22.34,,-1.37,0
234.35,39.072,10,669.69,,-0.0178,0,47.03,,-1.37,0
235.36,39.237,10,669.21,,-0.0221,0,-67.74,,-1.37,0
236.48,39.424,10,668.67,,-0.0138,0,-221.03,,-1.37,0
237.6,39.611,10,668.13,,-0.0247,0,-231.17,,-1.37,0
238.72,39.801,10,667.58,,-0.0134,0,-266.69,,-1.37,0
239.73,39.966,10,667.1,,-0.0283,0,-157.3,,-1.37,0
240.85,40.154,10,666.55,,-0.0107,0,-189.17,,-1.37,0
241.86,40.321,10,666.07,,-0.0118,0,-202.25,,-1.37,0
242.99,40.507,10,665.53,,-0.0139,0,-393.51,,-1.37,0
244.11,40.698,10,664.97,,-0.0124,0,-249.68,,-1.37,0
245.11,40.865,10,664.49,,-0.0047,0,-83.35,,-1.37,0
246.23,41.048,10,663.96,,-0.0084,0,6.89,,-1.37,0
247.23,41.221,10,663.46,,-0.0304,0,74.44,,-1.37,0
248.35,41.402,10,662.93,,-0.0004,0,62.69,,-1.37,0
249.48,41.592,10,662.38,,-0.0156,0,17.67,,-1.37,0
250.6,41.78,10,661.84,,-0.0227,0,-54.96,,-1.37,0
251.72,41.968,10,661.29,,-0.0181,0,-196.71,,-1.37,0
252.84,42.153,10,660.76,,-0.0224,0,-256.14,,-1.37,0
253.96,42.341,10,660.21,,-0.0171,0,-298.4,,-1.37,0
255.08,42.528,10,659.67,,-0.0239,0,-210.88,,-1.37,0
256.08,42.696,10,659.18,,-0.0203,0,-206.46,,-1.37,0
257.21,42.882,10,658.64,,-0.0243,0,-251.54,,-1.37,0
258.33,43.069,10,658.1,,-0.001,0,-307.32,,-1.37,0
259.46,43.259,10,657.55,,-0.0108,0,-356.22,,-1.37,0
260.58,43.446,10,657.01,,-0.01,0,-97,,-1.37,0
261.7,43.632,10,656.47,,-0.0246,0,232.38,,-1.37,0
262.7,43.801,10,655.98,,-0.0108,0,274.68,,-1.37,0
263.81,43.985,10,655.44,,-0.0164,0,71.23,,-1.37,0
264.82,44.152,10,654.96,,-0.0072,0,-162.19,,-1.37,0
265.94,44.339,10,654.42,,-0.0104,0,-355.89,,-1.37,0
266.95,44.506,10,653.93,,-0.0043,0,-233.69,,-1.37,0
268.07,44.697,10,653.38,,0.0049,0,-84.26,,-1.37,0
269.19,44.884,10,652.84,,0.0082,0,19.13,,-1.37,0
270.19,45.051,10,652.35,,-0.0171,0,-15.4,,-1.37,0
271.32,45.238,10,651.81,,-0.0287,0,-142.17,,-1.37,0
272.44,45.426,10,651.26,,-0.0158,0,-220.07,,-1.37,0
273.56,45.614,10,650.72,,-0.0059,0,-327.4,,-1.37,0
274.68,45.799,10,650.18,,-0.0231,0,-265.88,,-1.37,0
275.8,45.987,10,649.64,,-0.022,0,-258.98,,-1.37,0
276.81,46.158,10,649.14,,-0.0091,0,-231.42,,-1.37,0
277.83,46.325,10,648.66,,-0.0145,0,-135.97,,-1.37,0
278.96,46.514,10,648.11,,-0.0245,0,-173.76,,-1.37,0
280.08,46.701,10,647.57,,-0.0182,0,-237.27,,-1.37,0
281.08,46.865,10,647.09,,-0.019,0,-46.85,,-1.37,0
282.2,47.055,10,646.54,,0.0035,0,16.47,,-1.37,0
283.33,47.244,10,645.99,,0.0015,0,-126.74,,-1.37,0
284.45,47.431,10,645.45,,-0.0108,0,-118.54,,-1.37,0
285.47,47.598,10,644.97,,-0.0166,0,167.69,,-1.37,0
286.47,47.77,10,644.47,,-0.0066,0,176.31,,-1.37,0
287.6,47.958,10,643.92,,-0.0117,0,28.51,,-1.37,0
288.6,48.125,10,643.44,,-0.0116,0,-35.16,,-1.37,0
289.61,48.289,10,642.96,,-0.0167,0,-120.43,,-1.37,0
290.73,48.478,10,642.42,,-0.0036,0,-254.21,,-1.37,0
291.73,48.645,10,641.93,,-0.0266,0,-159.04,,-1.37,0
292.75,48.816,10,641.43,,0.0016,0,23.48,,-1.37,0
293.75,48.983,10,640.95,,-0.0068,0,145.79,,-1.37,0
294.75,49.149,10,640.47,,-0.0603,0,106.17,,-1.37,0
295.76,49.319,10,639.98,,-0.0298,0,3.46,,-1.37,0
296.76,49.486,10,639.49,,-0.0304,0,41.97,,-1.37,0
297.77,49.653,10,639.01,,-0.0256,0,-41.81,,-1.37,0
298.89,49.84,10,638.46,,-0.0228,0,-33.17,,-1.37,0
300,50.027,10,637.92,,-0.0185,0,36.58,,-1.37,0
301.01,50.195,10,637.43,,-0.0345,0,-44.57,,-1.37,0
302.12,50.381,10,636.89,,-0.0123,0,-209.67,,-1.37,0
303.13,50.549,10,636.41,,-0.0468,0,-332.79,,-1.37,0
304.24,50.733,10,635.88,,-0.0034,0,-251.66,,-1.37,0
305.36,50.92,10,635.33,,-0.0257,0,-174.27,,-1.37,0
306.48,51.108,10,634.79,,-0.0362,0,22.38,,-1.37,0
307.49,51.28,10,634.29,,-0.0097,0,54.81,,-1.37,0
308.61,51.466,10,633.75,,-0.0058,0,25.72,,-1.37,0
309.63,51.633,10,633.27,,-0.0218,0,-123.3,,-1.37,0
310.75,51.821,10,632.72,,-0.012,0,-254.6,,-1.37,0
311.75,51.988,10,632.24,,-0.0169,0,-325.57,,-1.37,0
312.76,52.158,10,631.74,,-0.0205,0,-315.77,,-1.37,0
313.89,52.344,10,631.2,,-0.0308,0,-196.5,,-1.37,0
314.89,52.513,10,630.71,,-0.0119,0,-203.08,,-1.37,0
316.01,52.7,10,630.17,,-0.0217,0,-50.83,,-1.37,0
317.14,52.888,10,629.63,,-0.0158,0,-35.66,,-1.37,0
318.14,53.053,10,629.15,,-0.0208,0,85.39,,-1.37,0
319.26,53.241,10,628.6,,-0.0017,0,116.4,,-1.37,0
320.26,53.408,10,628.12,,-0.0189,0,258.01,,-1.37,0
321.27,53.573,10,627.64,,-0.0117,0,270.39,,-1.37,0
322.28,53.744,10,627.14,,-0.0273,0,207.65,,-1.37,0
323.29,53.911,10,626.66,,-0.0394,0,153.46,,-1.37,0
324.29,54.082,10,626.16,,-0.0044,0,70.64,,-1.37,0
325.29,54.249,10,625.68,,-0.0062,0,-79.1,,-1.37,0
326.41,54.434,10,625.14,,-0.0282,0,-182.08,,-1.37,0
327.53,54.618,10,624.61,,0.0003,0,-224.3,,-1.37,0
328.66,54.809,10,624.05,,-0.0191,0,-216.94,,-1.37,0
329.78,54.999,10,623.5,,-0.0184,0,-80.01,,-1.37,0
330.9,55.188,10,622.96,,-0.0317,0,38.55,,-1.37,0
331.9,55.353,10,622.48,,-0.0121,0,115.56,,-1.37,0
333.03,55.541,10,621.93,,-0.0289,0,-16.55,,-1.37,0
334.15,55.727,10,621.39,,-0.0118,0,-235.03,,-1.37,0
335.28,55.917,10,620.84,,-0.035,0,-292,,-1.37,0
336.4,56.102,10,620.31,,-0.0081,0,-260.5,,-1.37,0
337.52,56.291,10,619.76,,-0.0149,0,-138.85,,-1.37,0
338.52,56.458,10,619.27,,-0.0048,0,-155.34,,-1.37,0
339.53,56.626,10,618.78,,-0.0268,0,-92.37,,-1.37,0
340.65,56.813,10,618.24,,0.0013,0,-98.33,,-1.37,0
341.77,57,10,617.7,,-0.0179,0,-137.25,,-1.37,0
342.78,57.167,10,617.22,,-0.0201,0,-309.15,,-1.37,0
343.9,57.354,10,616.67,,-0.0117,0,-497.92,,-1.37,0
345.02,57.541,10,616.13,,-0.0119,0,-587.85,,-1.37,0
346.14,57.73,10,615.58,,-0.0138,0,-376.02,,-1.37,0
347.26,57.916,10,615.04,,-0.0025,0,-111.34,,-1.37,0
348.38,58.103,10,614.5,,-0.0251,0,-191.03,,-1.37,0
349.51,58.291,10,613.96,,-0.0093,0,-146.5,,-1.37,0
350.63,58.478,10,613.41,,-0.0203,0,-39.23,,-1.37,0
351.75,58.664,10,612.87,,-0.0218,0,41.69,,-1.37,0
352.75,58.831,10,612.39,,-0.0192,0,1.42,,-1.37,0
353.88,59.019,10,611.84,,-0.031,0,60.04,,-1.37,0
354.88,59.187,10,611.36,,-0.0154,0,-30.32,,-1.37,0
356,59.373,10,610.82,,-0.0233,0,-267.58,,-1.37,0
357,59.54,10,610.33,,-0.0325,0,-372.14,,-1.37,0
358.02,59.712,10,609.84,,-0.0199,0,-274.26,,-1.37,0
359.03,59.878,10,609.35,,-0.0313,0,-170.21,,-1.37,0
360.03,60.048,10,608.86,,-0.0153,0,-127.39,,-1.37,0
361.04,60.216,10,608.37,,-0.0283,0,-201.96,,-1.38,0
362.05,60.383,10,607.89,,-0.0159,0,-299.28,,-1.38,0
363.05,60.548,10,607.41,,-0.0221,0,-226.94,,-1.38,0
364.18,60.737,10,606.86,,-0.0119,0,47.67,,-1.38,0
365.3,60.924,10,606.32,,-0.0228,0,271.83,,-1.38,0
366.3,61.094,10,605.83,,-0.0152,0,205.09,,-1.38,0
367.31,61.26,10,605.34,,-0.0136,0,55.52,,-1.38,0
368.43,61.449,10,604.8,,-0.0207,0,-61.85,,-1.38,0
369.55,61.635,10,604.26,,-0.0144,0,-79.06,,-1.38,0
370.56,61.801,10,603.78,,-0.0089,0,-92.52,,-1.38,0
371.68,61.99,10,603.23,,-0.0188,0,27.11,,-1.38,0
372.69,62.158,10,602.74,,-0.0059,0,154.03,,-1.38,0
373.8,62.344,10,602.2,,-0.0298,0,167.65,,-1.38,0
374.81,62.514,10,601.71,,-0.0216,0,191.76,,-1.38,0
375.81,62.682,10,601.22,,-0.0252,0,144.87,,-1.38,0
376.82,62.847,10,600.74,,-0.0209,0,16.57,,-1.38,0
377.94,63.035,10,600.2,,-0.0122,0,-124.23,,-1.38,0
379.06,63.223,10,599.65,,-0.0247,0,-271.09,,-1.38,0
380.06,63.391,10,599.17,,-0.0267,0,-191.88,,-1.38,0
381.19,63.578,10,598.62,,-0.0229,0,-325.24,,-1.38,0
382.2,63.744,10,598.14,,-0.0059,0,-339.13,,-1.38,0
383.2,63.917,10,597.64,,-0.017,0,-560.59,,-1.38,0
384.31,64.1,10,597.11,,-0.0088,0,-392.65,,-1.38,0
385.31,64.264,10,596.63,,-0.0219,0,-89.21,,-1.38,0
386.43,64.451,10,596.09,,-0.0167,0,168.36,,-1.38,0
387.55,64.641,10,595.54,,-0.0219,0,66.35,,-1.38,0
388.55,64.806,10,595.06,,-0.0214,0,-120.85,,-1.38,0
389.67,64.996,10,594.51,,-0.0198,0,-308.55,,-1.38,0
390.79,65.183,10,593.97,,-0.0223,0,-347.9,,-1.38,0
391.79,65.35,10,593.49,,-0.0263,0,-208.39,,-1.38,0
392.92,65.536,10,592.95,,-0.025,0,-105.46,,-1.38,0
394.04,65.724,10,592.4,,-0.0122,0,-26.11,,-1.38,0
395.04,65.891,10,591.92,,-0.0155,0,-27.32,,-1.38,0
396.16,66.077,10,591.38,,-0.0399,0,36.3,,-1.38,0
397.29,66.264,10,590.83,,-0.0296,0,6.48,,-1.38,0
398.29,66.432,10,590.35,,-0.0192,0,-59.13,,-1.38,0
399.29,66.6,10,589.86,,-0.0248,0,-46.81,,-1.38,0
400.41,66.787,10,589.32,,-0.007,0,69.77,,-1.38,0
401.41,66.952,10,588.84,,-0.0147,0,99.47,,-1.38,0
402.53,67.14,10,588.3,,-0.0106,0,73.3,,-1.38,0
403.66,67.328,10,587.75,,-0.0112,0,-9.32,,-1.38,0
404.78,67.515,10,587.21,,-0.033,0,26.26,,-1.38,0
405.91,67.704,10,586.66,,-0.0107,0,-5.93,,-1.38,0
407.03,67.891,10,586.12,,-0.0141,0,46.79,,-1.38,0
408.15,68.078,10,585.57,,-0.0166,0,105.79,,-1.38,0
409.27,68.266,10,585.03,,-0.0357,0,161.91,,-1.38,0
410.27,68.431,10,584.55,,-0.0138,0,139.54,,-1.38,0
411.39,68.619,10,584,,-0.014,0,5.83,,-1.38,0
412.52,68.808,10,583.46,,-0.0033,0,-234.59,,-1.38,0
413.52,68.974,10,582.97,,-0.0424,0,-317.11,,-1.38,0
414.64,69.163,10,582.43,,-0.0356,0,-279.91,,-1.38,0
415.76,69.347,10,581.89,,-0.0399,0,-237.1,,-1.38,0
416.88,69.536,10,581.35,,-0.0215,0,-335.27,,-1.38,0
417.89,69.702,10,580.86,,-0.022,0,-235.2,,-1.38,0
419.01,69.89,10,580.32,,-0.018,0,-230.95,,-1.38,0
420.13,70.078,10,579.77,,-0.0217,0,-334.34,,-1.38,0
421.13,70.243,10,579.29,,-0.023,0,-507.57,,-1.38,0
422.25,70.433,10,578.74,,-0.0157,0,-542.56,,-1.38,0
423.27,70.604,10,578.25,,-0.006,0,-424.13,,-1.38,0
424.27,70.77,10,577.77,,-0.0222,0,-400.26,,-1.38,0
425.28,70.937,10,577.28,,-0.0137,0,-329.52,,-1.38,0
426.29,71.106,10,576.79,,-0.0254,0,-450.28,,-1.38,0
427.3,71.272,10,576.31,,-0.0114,0,-314.61,,-1.38,0
428.43,71.461,10,575.76,,-0.0178,0,-288.3,,-1.38,0
429.55,71.647,10,575.22,,-0.0117,0,-71.32,,-1.38,0
430.55,71.818,10,574.73,,-0.0189,0,-15.12,,-1.38,0
431.67,72.006,10,574.18,,-0.0124,0,7.75,,-1.38,0
432.68,72.173,10,573.7,,-0.0185,0,-261.7,,-1.38,0
433.8,72.36,10,573.16,,-0.0223,0,-391.22,,-1.38,0
434.92,72.548,10,572.61,,-0.0268,0,-235.86,,-1.38,0
436.05,72.736,10,572.07,,-0.0113,0,-200.16,,-1.38,0
437.05,72.903,10,571.58,,-0.0233,0,-332.62,,-1.38,0
438.17,73.089,10,571.04,,-0.0166,0,-371.63,,-1.38,0
439.29,73.279,10,570.49,,-0.0248,0,-404.99,,-1.38,0
440.42,73.466,10,569.95,,-0.0171,0,-310.09,,-1.38,0
441.54,73.652,10,569.41,,-0.0184,0,-134.33,,-1.38,0
442.55,73.819,10,568.93,,-0.0212,0,-121.96,,-1.38,0
443.56,73.989,10,568.43,,-0.0251,0,-363.2,,-1.38,0
444.56,74.157,10,567.94,,-0.0005,0,-468.95,,-1.38,0
445.56,74.323,10,567.46,,-0.0089,0,-467.8,,-1.38,0
446.68,74.51,10,566.92,,-0.0123,0,-296.22,,-1.38,0
447.68,74.676,10,566.44,,-0.0156,0,-316.89,,-1.38,0
448.8,74.866,10,565.89,,0.002,0,-225.59,,-1.38,0
449.93,75.052,10,565.35,,-0.0198,0,-110.61,,-1.38,0
451.05,75.239,10,564.81,,-0.0185,0,-38.06,,-1.38,0
452.17,75.426,10,564.26,,-0.023,0,-194.79,,-1.38,0
453.29,75.614,10,563.72,,-0.0101,0,-344.14,,-1.38,0
454.42,75.803,10,563.17,,-0.0261,0,-536.14,,-1.38,0
455.54,75.989,10,562.63,,-0.0225,0,-391.77,,-1.38,0
456.66,76.178,10,562.08,,-0.025,0,0.47,,-1.38,0
457.78,76.36,10,561.56,,-0.0151,0,373.77,,-1.38,0
458.78,76.53,10,561.06,,-0.0313,0,187.41,,-1.38,0
459.91,76.72,10,560.51,,-0.016,0,-109.97,,-1.38,0
461.03,76.907,10,559.97,,-0.0258,0,-353.55,,-1.38,0
462.15,77.091,10,559.44,,-0.006,0,-297.87,,-1.38,0
463.27,77.278,10,558.89,,-0.0113,0,-131.13,,-1.38,0
464.39,77.464,10,558.36,,-0.006,0,-17.86,,-1.38,0
465.51,77.652,10,557.81,,-0.0087,0,63.58,,-1.38,0
466.52,77.819,10,557.33,,-0.0047,0,-30.64,,-1.38,0
467.53,77.989,10,556.83,,-0.0066,0,-68.32,,-1.38,0
468.65,78.176,10,556.29,,-0.0126,0,-50.94,,-1.38,0
469.77,78.366,10,555.74,,-0.0219,0,-183.58,,-1.38,0
470.9,78.552,10,555.2,,-0.0119,0,-402.6,,-1.38,0
472.01,78.739,10,554.66,,-0.0244,0,-357.57,,-1.38,0
473.02,78.907,10,554.17,,-0.0053,0,-293.59,,-1.38,0
474.14,79.093,10,553.63,,-0.0396,0,-316.02,,-1.38,0
475.26,79.281,10,553.08,,-0.0269,0,-329.95,,-1.38,0
476.39,79.467,10,552.54,,-0.0254,0,-134.24,,-1.38,0
477.51,79.656,10,552,,-0.0082,0,17,,-1.38,0
478.63,79.844,10,551.45,,-0.0175,0,114.28,,-1.38,0
479.75,80.031,10,550.91,,-0.029,0,249.11,,-1.38,0
480.88,80.219,10,550.37,,-0.0215,0,172.4,,-1.38,0
481.88,80.387,10,549.88,,-0.0166,0,115.63,,-1.38,0
483,80.572,10,549.34,,-0.0127,0,-92.18,,-1.38,0
484.12,80.76,10,548.8,,-0.0164,0,-99.96,,-1.38,0
485.24,80.947,10,548.25,,-0.0121,0,-84.79,,-1.38,0
486.37,81.136,10,547.7,,-0.0208,0,106.8,,-1.38,0
487.37,81.303,10,547.22,,-0.0278,0,92.9,,-1.38,0
488.49,81.489,10,546.68,,-0.0178,0,52.85,,-1.38,0
489.5,81.656,10,546.2,,-0.0261,0,-46.6,,-1.38,0
490.51,81.829,10,545.7,,-0.0086,0,-4.07,,-1.38,0
491.52,81.993,10,545.22,,-0.0123,0,-47.8,,-1.38,0
492.64,82.181,10,544.67,,-0.0066,0,32.41,,-1.38,0
493.66,82.351,10,544.18,,-0.0187,0,-88.14,,-1.38,0
494.66,82.52,10,543.69,,-0.0172,0,-101.64,,-1.38,0
495.66,82.685,10,543.21,,-0.0295,0,-122.92,,-1.38,0
496.78,82.872,10,542.67,,0.0017,0,-11.07,,-1.38,0
497.78,83.04,10,542.18,,-0.0319,0,-124.05,,-1.38,0
498.9,83.229,10,541.64,,-0.0123,0,-197.65,,-1.38,0
499.91,83.395,10,541.15,,-0.0064,0,-26.72,,-1.38,0
501.03,83.58,10,540.62,,-0.0238,0,-30.1,,-1.38,0
502.03,83.749,10,540.13,,-0.0151,0,-193.37,,-1.38,0
503.04,83.918,10,539.64,,-0.0085,0,-429.26,,-1.38,0
504.04,84.086,10,539.15,,-0.0138,0,-400.96,,-1.38,0
505.05,84.253,10,538.67,,-0.0054,0,-268.08,,-1.38,0
506.17,84.438,10,538.13,,-0.0214,0,-136.67,,-1.38,0
507.29,84.629,10,537.58,,0.0043,0,-274.3,,-1.38,0
508.29,84.793,10,537.1,,-0.0064,0,-424.84,,-1.38,0
509.42,84.981,10,536.55,,-0.0075,0,-358.67,,-1.38,0
510.54,85.168,10,536.01,,-0.0069,0,-298.05,,-1.38,0
511.66,85.356,10,535.47,,-0.0104,0,-292.53,,-1.38,0
512.66,85.522,10,534.99,,-0.0102,0,-290.85,,-1.38,0
513.78,85.712,10,534.44,,-0.0042,0,-214.7,,-1.38,0
514.91,85.898,10,533.9,,-0.0189,0,-257.3,,-1.38,0
515.91,86.065,10,533.41,,-0.0129,0,-154.54,,-1.38,0
516.92,86.231,10,532.93,,-0.0088,0,-18.9,,-1.38,0
518.03,86.418,10,532.39,,-0.0219,0,18.04,,-1.38,0
519.16,86.607,10,531.84,,-0.0149,0,-61.02,,-1.38,0
520.29,86.793,10,531.3,,-0.0124,0,-53.84,,-1.38,0
521.41,86.986,10,530.74,,-0.0227,0,49.05,,-1.38,0
522.53,87.17,10,530.21,,-0.024,0,165.89,,-1.38,0
523.65,87.357,10,529.67,,-0.0252,0,-6.28,,-1.38,0
524.78,87.545,10,529.12,,-0.0177,0,-82.05,,-1.38,0
525.89,87.731,10,528.58,,-0.0149,0,6.73,,-1.38,0
526.9,87.898,10,528.1,,-0.0123,0,-20.92,,-1.38,0
527.9,88.066,10,527.61,,-0.0183,0,-74.24,,-1.38,0
528.9,88.235,10,527.12,,-0.0202,0,-132.67,,-1.38,0
530.03,88.422,10,526.58,,-0.008,0,13.48,,-1.38,0
531.03,88.587,10,526.1,,-0.0284,0,31.95,,-1.38,0
532.15,88.777,10,525.55,,-0.0117,0,-34.8,,-1.38,0
533.28,88.966,10,525,,-0.0265,0,-235.19,,-1.38,0
534.28,89.131,10,524.52,,-0.0123,0,-349.07,,-1.38,0
535.4,89.317,10,523.98,,-0.017,0,-293.6,,-1.38,0
536.52,89.507,10,523.43,,-0.0261,0,-184.84,,-1.38,0
537.64,89.693,10,522.89,,-0.0124,0,-46.14,,-1.38,0
538.64,89.859,10,522.41,,-0.0211,0,86.28,,-1.38,0
539.76,90.046,10,521.87,,-0.0214,0,220.81,,-1.38,0
540.89,90.235,10,521.32,,-0.0158,0,148.92,,-1.38,0
541.9,90.402,10,520.84,,-0.0263,0,-54.11,,-1.38,0
543.01,90.589,10,520.29,,-0.0139,0,-211.85,,-1.38,0
544.02,90.757,10,519.81,,-0.0199,0,-338.96,,-1.38,0
545.14,90.944,10,519.26,,-0.0082,0,-230.29,,-1.38,0
546.15,91.109,10,518.78,,-0.0256,0,-201.69,,-1.38,0
547.27,91.296,10,518.24,,0.0015,0,-90.04,,-1.38,0
548.27,91.469,10,517.74,,-0.0185,0,-3.62,,-1.38,0
549.39,91.653,10,517.21,,0.0039,0,128.83,,-1.38,0
550.51,91.839,10,516.67,,-0.0112,0,6.92,,-1.38,0
551.52,92.012,10,516.17,,-0.0002,0,66.44,,-1.38,0
552.64,92.192,10,515.64,,-0.0125,0,174.25,,-1.38,0
553.76,92.381,10,515.1,,-0.0064,0,224.74,,-1.38,0
554.77,92.55,10,514.6,,-0.0118,0,201.4,,-1.38,0
555.78,92.721,10,514.11,,0.0017,0,155.14,,-1.38,0
556.8,92.889,10,513.62,,0.011,0,31.52,,-1.38,0
557.81,93.062,10,513.12,,0.0003,0,-110.03,,-1.38,0
558.82,93.226,10,512.65,,-0.0123,0,-161.66,,-1.38,0
559.94,93.413,10,512.1,,-0.0053,0,-288.43,,-1.38,0
560.94,93.58,10,511.62,,-0.0161,0,-376.52,,-1.38,0
561.95,93.746,10,511.14,,-0.0146,0,-438.4,,-1.38,0
562.95,93.918,10,510.64,,-0.0118,0,-414,,-1.38,0
563.95,94.083,10,510.16,,-0.0126,0,-360.8,,-1.38,0
565.07,94.273,10,509.61,,-0.01,0,-47.64,,-1.38,0
566.2,94.459,10,509.07,,-0.0156,0,120.67,,-1.38,0
567.32,94.646,10,508.53,,-0.0042,0,-36.19,,-1.38,0
568.45,94.836,10,507.98,,-0.0095,0,-223.95,,-1.38,0
569.45,95.003,10,507.49,,-0.0124,0,-350.1,,-1.38,0
570.57,95.19,10,506.95,,-0.0124,0,-121.66,,-1.38,0
571.57,95.354,10,506.47,,0.0009,0,103.67,,-1.38,0
572.7,95.544,10,505.92,,-0.0103,0,202.94,,-1.38,0
573.82,95.732,10,505.38,,-0.0193,0,84.77,,-1.38,0
574.82,95.899,10,504.89,,-0.0056,0,-9.9,,-1.38,0
575.94,96.086,10,504.35,,0.0032,0,-111.78,,-1.38,0
577.07,96.274,10,503.8,,-0.0229,0,-92.26,,-1.38,0
578.19,96.46,10,503.27,,0.0031,0,-139.41,,-1.38,0
579.31,96.647,10,502.72,,-0.0029,0,-252.59,,-1.38,0
580.43,96.833,10,502.18,,-0.003,0,-306.75,,-1.38,0
581.55,97.022,10,501.64,,-0.0045,0,-130.15,,-1.38,0
582.67,97.211,10,501.09,,-0.0026,0,-1.74,,-1.38,0
583.8,97.397,10,500.55,,-0.0087,0,-28.08,,-1.38,0
584.8,97.564,10,500.06,,-0.0269,0,-102.13,,-1.38,0
585.92,97.752,10,499.52,,0.0005,0,-6.74,,-1.38,0
587.04,97.94,10,498.97,,0.0002,0,44.05,,-1.38,0
588.05,98.108,10,498.49,,-0.024,0,-169.78,,-1.38,0
589.17,98.295,10,497.95,,-0.0144,0,-253.72,,-1.38,0
590.29,98.482,10,497.4,,-0.0173,0,-195.73,,-1.38,0
591.41,98.667,10,496.87,,0.0047,0,-31.39,,-1.38,0
592.53,98.855,10,496.32,,-0.0206,0,-26.62,,-1.38,0
593.54,99.022,10,495.84,,-0.0068,0,-113.59,,-1.38,0
594.66,99.209,10,495.29,,-0.0134,0,-140.47,,-1.38,0
595.79,99.396,10,494.75,,-0.0011,0,-132.09,,-1.38,0
596.91,99.584,10,494.21,,-0.0209,0,-50.64,,-1.38,0
598.03,99.773,10,493.66,,-0.0115,0,41.57,,-1.38,0
599.04,99.938,10,493.18,,-0.0109,0,-155.42,,-1.38,0
600.16,100.125,10,492.64,,-0.0073,0,-332.78,,-1.38,0
601.17,100.297,10,492.14,,-0.0194,0,-432.55,,-1.38,0
602.18,100.463,10,491.66,,-0.0111,0,-247.81,,-1.38,0
603.3,100.651,10,491.11,,-0.0116,0,-44.28,,-1.38,0
604.42,100.838,10,490.57,,-0.005,0,112.64,,-1.38,0
605.54,101.025,10,490.03,,-0.0034,0,144.56,,-1.38,0
606.67,101.213,10,489.48,,-0.0008,0,158.65,,-1.38,0
607.79,101.4,10,488.94,,-0.0038,0,89.05,,-1.38,0
608.8,101.566,10,488.46,,0.0085,0,-101.8,,-1.38,0
609.92,101.755,10,487.91,,-0.009,0,-299.45,,-1.38,0
610.93,101.927,10,487.41,,-0.0019,0,-330.02,,-1.38,0
611.93,102.092,10,486.93,,0.004,0,-328.46,,-1.38,0
612.93,102.261,10,486.44,,-0.0016,0,-332.69,,-1.38,0
613.93,102.428,10,485.96,,-0.0077,0,-162.58,,-1.38,0
615.05,102.615,10,485.42,,-0.0028,0,-40.03,,-1.38,0
616.05,102.779,10,484.94,,-0.0112,0,83.4,,-1.38,0
617.18,102.969,10,484.39,,-0.0017,0,73.5,,-1.38,0
618.31,103.156,10,483.85,,-0.0178,0,-78.52,,-1.38,0
619.43,103.342,10,483.31,,0.0078,0,-237.46,,-1.38,0
620.43,103.509,10,482.82,,-0.0059,0,-142.51,,-1.38,0
621.44,103.682,10,482.32,,-0.0021,0,17.76,,-1.38,0
622.46,103.85,10,481.84,,-0.0021,0,-36.72,,-1.38,0
623.47,104.018,10,481.35,,-0.0016,0,-127.62,,-1.38,0
624.48,104.189,10,480.85,,0,0,-145.65,,-1.38,0
625.49,104.355,10,480.37,,-0.0064,0,36.2,,-1.38,0
626.61,104.543,10,479.82,,0.0048,0,26.07,,-1.38,0
627.73,104.729,10,479.29,,-0.0125,0,-177.87,,-1.38,0
628.74,104.897,10,478.8,,0.0049,0,-427.56,,-1.38,0
629.86,105.084,10,478.26,,-0.0093,0,-344.7,,-1.38,0
630.98,105.271,10,477.71,,0.0044,0,-153.85,,-1.38,0
632.1,105.461,10,477.16,,-0.0039,0,-192.15,,-1.38,0
633.22,105.647,10,476.62,,0.0025,0,-87.47,,-1.38,0
634.35,105.836,10,476.08,,-0.0063,0,18.03,,-1.38,0
635.35,106.002,10,475.59,,0.0036,0,135.89,,-1.38,0
636.47,106.188,10,475.05,,-0.0077,0,181.04,,-1.38,0
637.59,106.377,10,474.51,,-0.0017,0,232.7,,-1.38,0
638.59,106.543,10,474.02,,0.0063,0,149.17,,-1.38,0
639.6,106.71,10,473.54,,0.0094,0,91,,-1.38,0
640.72,106.896,10,473,,0.0006,0,-39.85,,-1.38,0
641.72,107.065,10,472.51,,0.006,0,-19.05,,-1.38,0
642.84,107.25,10,471.98,,0.0088,0,-103.99,,-1.39,0
643.85,107.417,10,471.49,,0.0089,0,-140.36,,-1.39,0
644.97,107.606,10,470.94,,0.005,0,-119.61,,-1.39,0
645.97,107.775,10,470.45,,0.0086,0,-100.16,,-1.39,0
647.09,107.959,10,469.92,,0.016,0,7.84,,-1.39,0
648.1,108.13,10,469.42,,0.012,0,-25.9,,-1.39,0
649.1,108.296,10,468.94,,0.0089,0,-78.1,,-1.39,0
650.1,108.464,10,468.46,,-0.0073,0,-320.29,,-1.39,0
651.22,108.649,10,467.92,,0.0055,0,-546.34,,-1.39,0
652.34,108.839,10,467.37,,-0.0043,0,-492.39,,-1.39,0
653.46,109.025,10,466.83,,-0.0012,0,-312.95,,-1.39,0
654.58,109.212,10,466.28,,0.0026,0,-304.85,,-1.39,0
655.71,109.402,10,465.73,,0.0008,0,-465.74,,-1.39,0
656.83,109.588,10,465.2,,-0.0042,0,-475.51,,-1.39,0
657.83,109.755,10,464.71,,0.0084,0,-333.85,,-1.39,0
658.95,109.943,10,464.17,,-0.0013,0,-247.88,,-1.39,0
660.07,110.125,10,463.64,,0.0036,0,-95.63,,-1.39,0
661.19,110.315,10,463.09,,-0.002,0,-36.3,,-1.39,0
662.2,110.483,10,462.6,,0.0123,0,-5.27,,-1.39,0
663.32,110.672,10,462.05,,0.011,0,31.43,,-1.39,0
664.32,110.839,10,461.57,,0.0126,0,-115.36,,-1.39,0
665.44,111.025,10,461.03,,0.0094,0,-35.02,,-1.39,0
666.56,111.213,10,460.48,,0.0117,0,-28.86,,-1.39,0
667.68,111.397,10,459.95,,0.0095,0,6.68,,-1.39,0
668.7,111.566,10,459.46,,0.013,0,-79.41,,-1.39,0
669.82,111.756,10,458.91,,0.0168,0,19.58,,-1.39,0
670.94,111.943,10,458.37,,0.01,0,41.1,,-1.39,0
671.95,112.108,10,457.89,,0.0049,0,85.85,,-1.39,0
672.95,112.275,10,457.4,,0.0166,0,-19.26,,-1.39,0
674.07,112.463,10,456.86,,0.0172,0,47.33,,-1.39,0
675.2,112.652,10,456.31,,0.0053,0,179,,-1.39,0
676.32,112.838,10,455.77,,0.0133,0,144.06,,-1.39,0
677.32,113.008,10,455.28,,0.0125,0,68.9,,-1.39,0
678.32,113.175,10,454.79,,0.0099,0,-140.55,,-1.39,0
679.45,113.363,10,454.25,,0.0242,0,-309.66,,-1.39,0
680.57,113.551,10,453.7,,0.0081,0,-420.39,,-1.39,0
681.7,113.738,10,453.16,,0.0142,0,-470.77,,-1.39,0
682.71,113.904,10,452.68,,-0.0002,0,-480.16,,-1.39,0
683.83,114.093,10,452.13,,0.0115,0,-273.84,,-1.39,0
684.83,114.26,10,451.65,,0.0078,0,48.38,,-1.39,0
685.95,114.448,10,451.1,,0.0161,0,76.02,,-1.39,0
686.96,114.617,10,450.61,,0.0085,0,-134.94,,-1.39,0
687.97,114.783,10,450.13,,0.0208,0,-313.76,,-1.39,0
688.98,114.951,10,449.64,,0.0028,0,-185.56,,-1.39,0
689.98,115.121,10,449.15,,0.019,0,-137.68,,-1.39,0
690.99,115.288,10,448.67,,0.0047,0,-105.06,,-1.39,0
692.11,115.476,10,448.12,,0.0191,0,-116.19,,-1.39,0
693.23,115.665,10,447.57,,0.0035,0,-27.48,,-1.39,0
694.36,115.849,10,447.04,,0.0112,0,4.26,,-1.39,0
695.48,116.039,10,446.49,,0.0084,0,-108.9,,-1.39,0
696.6,116.225,10,445.95,,0.0204,0,-243.42,,-1.39,0
697.6,116.393,10,445.46,,0.0051,0,-286.01,,-1.39,0
698.73,116.58,10,444.92,,0.0176,0,-319.12,,-1.39,0
699.85,116.767,10,444.38,,0.0102,0,-206.64,,-1.39,0
700.98,116.954,10,443.83,,0.0194,0,-78.95,,-1.39,0
702.09,117.141,10,443.29,,0.0169,0,11.96,,-1.39,0
703.22,117.33,10,442.74,,0.0274,0,81.92,,-1.39,0
704.22,117.498,10,442.26,,0.0331,0,177.22,,-1.39,0
705.34,117.684,10,441.72,,0.0355,0,196.07,,-1.39,0
706.34,117.85,10,441.23,,0.0295,0,62.67,,-1.39,0
707.47,118.038,10,440.69,,0.0396,0,-54.67,,-1.39,0
708.47,118.204,10,440.21,,0.0204,0,-265.31,,-1.39,0
709.59,118.391,10,439.66,,0.0322,0,-380.42,,-1.39,0
710.71,118.579,10,439.12,,0.0257,0,-151.38,,-1.39,0
711.84,118.767,10,438.58,,0.0321,0,77.28,,-1.39,0
712.84,118.932,10,438.1,,0.0153,0,111.62,,-1.39,0
713.97,119.127,10,437.53,,0.0348,0,-72,,-1.39,0
715.09,119.308,10,437.01,,0.0124,0,-187.73,,-1.39,0
716.21,119.499,10,436.45,,0.0205,0,-87.68,,-1.39,0
717.21,119.664,10,435.97,,0.0227,0,-102.8,,-1.39,0
718.34,119.854,10,435.42,,0.0212,0,-150.7,,-1.39,0
719.34,120.022,10,434.94,,0.0227,0,-88.4,,-1.39,0
720.46,120.211,10,434.39,,0.0232,0,-5,,-1.39,0
721.58,120.395,10,433.85,,0.0294,0,52.88,,-1.39,0
722.58,120.563,10,433.37,,0.0269,0,-155.46,,-1.39,0
723.71,120.752,10,432.82,,0.0325,0,-290.56,,-1.39,0
724.83,120.937,10,432.28,,0.0358,0,-125.77,,-1.39,0
725.83,121.105,10,431.79,,0.0412,0,-108.77,,-1.39,0
726.95,121.294,10,431.25,,0.0393,0,-70.19,,-1.39,0
728.08,121.478,10,430.71,,0.0318,0,45.39,,-1.39,0
729.2,121.666,10,430.17,,0.0291,0,18.28,,-1.39,0
730.32,121.855,10,429.62,,0.0411,0,-136.24,,-1.39,0
731.33,122.022,10,429.14,,0.0402,0,-272.08,,-1.39,0
732.45,122.208,10,428.6,,0.0279,0,-15.59,,-1.39,0
733.57,122.398,10,428.05,,0.0257,0,112.35,,-1.39,0
734.58,122.563,10,427.57,,0.0366,0,186.88,,-1.39,0
735.7,122.751,10,427.02,,0.0412,0,95.55,,-1.39,0
736.71,122.921,10,426.53,,0.0343,0,143.53,,-1.39,0
737.83,123.109,10,425.98,,0.0372,0,-43.16,,-1.39,0
738.96,123.296,10,425.44,,0.0322,0,-124.38,,-1.39,0
739.96,123.464,10,424.95,,0.0369,0,-91.24,,-1.39,0
741.08,123.651,10,424.41,,0.031,0,-84.18,,-1.39,0
742.09,123.816,10,423.93,,0.0411,0,-91.98,,-1.39,0
743.1,123.987,10,423.44,,0.0641,0,-102.3,,-1.39,0
744.23,124.175,10,422.89,,0.0401,0,-24.23,,-1.39,0
745.23,124.344,10,422.4,,0.0516,0,12.29,,-1.39,0
746.23,124.509,10,421.92,,0.0431,0,-9.76,,-1.39,0
747.24,124.677,10,421.44,,0.0498,0,-41.45,,-1.39,0
748.36,124.863,10,420.9,,0.0357,0,2.48,,-1.39,0
749.48,125.049,10,420.36,,0.0372,0,101.84,,-1.39,0
750.49,125.221,10,419.86,,0.0386,0,204.22,,-1.39,0
751.61,125.409,10,419.31,,0.0436,0,303.62,,-1.39,0
752.63,125.574,10,418.83,,0.045,0,252.13,,-1.39,0
753.64,125.745,10,418.34,,0.052,0,130.93,,-1.39,0
754.65,125.913,10,417.85,,0.0459,0,2.84,,-1.39,0
755.66,126.083,10,417.36,,0.0487,0,-88.25,,-1.39,0
756.66,126.25,10,416.87,,0.0533,0,-220.15,,-1.39,0
757.66,126.418,10,416.39,,0.045,0,-232.43,,-1.39,0
758.79,126.604,10,415.85,,0.0505,0,-213.88,,-1.39,0
759.91,126.792,10,415.3,,0.0468,0,-195.17,,-1.39,0
761.03,126.978,10,414.76,,0.0524,0,-194.56,,-1.39,0
762.15,127.168,10,414.21,,0.0475,0,-107.6,,-1.39,0
763.28,127.354,10,413.67,,0.0533,0,-239.72,,-1.39,0
764.28,127.521,10,413.19,,0.0492,0,-352.76,,-1.39,0
765.28,127.687,10,412.71,,0.0654,0,-166.85,,-1.39,0
766.4,127.876,10,412.16,,0.057,0,-66.63,,-1.39,0
767.4,128.041,10,411.68,,0.0689,0,26.46,,-1.39,0
768.53,128.229,10,411.13,,0.0523,0,-125.3,,-1.39,0
769.65,128.417,10,410.59,,0.0897,0,-116.82,,-1.39,0
770.77,128.604,10,410.05,,0.0632,0,-86.45,,-1.39,0
771.78,128.776,10,409.55,,0.0712,0,23.01,,-1.39,0
772.78,128.942,10,409.07,,0.0569,0,52.63,,-1.39,0
773.9,129.128,10,408.53,,0.0664,0,22.94,,-1.39,0
775.02,129.317,10,407.98,,0.0464,0,-67.89,,-1.39,0
776.15,129.504,10,407.44,,0.0684,0,-41.61,,-1.39,0
777.27,129.688,10,406.9,,0.0578,0,-31.09,,-1.39,0
778.27,129.858,10,406.41,,0.0699,0,-158.63,,-1.39,0
779.39,130.046,10,405.87,,0.0554,0,-324.98,,-1.39,0
780.51,130.228,10,405.34,,0.0604,0,-323.43,,-1.39,0
781.51,130.4,10,404.84,,0.0642,0,-349.13,,-1.39,0
782.52,130.568,10,404.35,,0.0644,0,-257.81,,-1.39,0
783.64,130.754,10,403.81,,0.079,0,-191.14,,-1.39,0
784.76,130.942,10,403.27,,0.0732,0,-183.1,,-1.39,0
785.89,131.128,10,402.73,,0.0662,0,-314.74,,-1.39,0
786.89,131.295,10,402.25,,0.0669,0,-284.28,,-1.39,0
787.9,131.464,10,401.75,,0.0607,0,-209.94,,-1.39,0
789.02,131.649,10,401.22,,0.0739,0,-59.21,,-1.39,0
790.14,131.837,10,400.67,,0.0669,0,-7.45,,-1.39,0
791.26,132.025,10,400.13,,0.0845,0,-27.56,,-1.39,0
792.39,132.213,10,399.58,,0.0883,0,-79.7,,-1.39,0
793.51,132.4,10,399.04,,0.079,0,-181.69,,-1.39,0
794.64,132.587,10,398.5,,0.0879,0,-203.16,,-1.39,0
795.76,132.775,10,397.95,,0.0836,0,-117.52,,-1.39,0
796.76,132.941,10,397.47,,0.0826,0,-77.23,,-1.39,0
797.88,133.131,10,396.92,,0.0825,0,7.86,,-1.39,0
798.88,133.296,10,396.44,,0.0843,0,118.81,,-1.39,0
800,133.483,10,395.9,,0.0845,0,236.44,,-1.39,0
801.12,133.672,10,395.35,,0.0872,0,72.58,,-1.39,0
802.13,133.843,10,394.85,,0.0878,0,6.87,,-1.39,0
803.14,134.01,10,394.37,,0.0935,0,34.78,,-1.39,0
804.26,134.197,10,393.83,,0.0889,0,73.04,,-1.39,0
805.27,134.363,10,393.35,,0.0835,0,-7.29,,-1.39,0
806.39,134.551,10,392.8,,0.0993,0,17.44,,-1.39,0
807.51,134.738,10,392.26,,0.0977,0,48.11,,-1.39,0
808.64,134.927,10,391.71,,0.0877,0,-131.92,,-1.39,0
809.76,135.111,10,391.18,,0.0957,0,-410.4,,-1.39,0
810.88,135.301,10,390.63,,0.1008,0,-469.08,,-1.39,0
812,135.488,10,390.08,,0.0985,0,-409.56,,-1.39,0
813,135.655,10,389.6,,0.1118,0,-399.14,,-1.39,0
814.12,135.842,10,389.06,,0.103,0,-261.56,,-1.39,0
815.12,136.009,10,388.57,,0.1099,0,-135.18,,-1.39,0
816.25,136.197,10,388.03,,0.1225,0,-26.41,,-1.39,0
817.25,136.361,10,387.55,,0.103,0,-8.91,,-1.39,0
818.27,136.533,10,387.05,,0.1142,0,-93.11,,-1.39,0
819.27,136.701,10,386.57,,0.1214,0,-272.06,,-1.39,0
820.28,136.87,10,386.08,,0.1251,0,-402.2,,-1.39,0
821.28,137.037,10,385.59,,0.1207,0,-249.8,,-1.39,0
822.29,137.203,10,385.11,,0.1257,0,43.29,,-1.39,0
823.41,137.391,10,384.57,,0.1168,0,220.17,,-1.39,0
824.53,137.579,10,384.02,,0.1329,0,244.25,,-1.39,0
825.54,137.746,10,383.54,,0.1182,0,257.39,,-1.39,0
826.65,137.934,10,382.99,,0.1319,0,86.74,,-1.39,0
827.78,138.12,10,382.45,,0.1267,0,-170.85,,-1.39,0
828.78,138.288,10,381.96,,0.1302,0,-237.07,,-1.39,0
829.9,138.475,10,381.42,,0.134,0,-91.44,,-1.39,0
831.03,138.662,10,380.88,,0.1438,0,-28.15,,-1.39,0
832.15,138.851,10,380.33,,0.1401,0,-63.49,,-1.39,0
833.15,139.016,10,379.85,,0.1471,0,-204.63,,-1.39,0
834.27,139.203,10,379.31,,0.1541,0,-131.61,,-1.39,0
835.39,139.393,10,378.76,,0.1514,0,-197.28,,-1.39,0
836.51,139.58,10,378.22,,0.1527,0,-207.87,,-1.39,0
837.63,139.765,10,377.68,,0.1751,0,-352.28,,-1.39,0
838.64,139.932,10,377.2,,0.1604,0,-326.08,,-1.39,0
839.76,140.12,10,376.65,,0.1726,0,-422.84,,-1.39,0
840.88,140.307,10,376.11,,0.1618,0,-238.68,,-1.39,0
841.88,140.475,10,375.62,,0.1854,0,-211.35,,-1.39,0
843,140.662,10,375.08,,0.1865,0,-182.79,,-1.39,0
844.13,140.849,10,374.54,,0.1889,0,-185.68,,-1.39,0
845.25,141.037,10,373.99,,0.1827,0,-107.11,,-1.39,0
846.37,141.224,10,373.45,,0.191,0,22.02,,-1.39,0
847.49,141.411,10,372.91,,0.184,0,110.35,,-1.39,0
848.62,141.601,10,372.36,,0.1935,0,85.35,,-1.39,0
849.74,141.787,10,371.82,,0.1985,0,-309.55,,-1.39,0
850.86,141.975,10,371.27,,0.2069,0,-446.58,,-1.39,0
851.99,142.161,10,370.73,,0.2049,0,-249.33,,-1.39,0
852.99,142.329,10,370.25,,0.2157,0,2.31,,-1.39,0
853.99,142.497,10,369.76,,0.2013,0,10.27,,-1.39,0
855.11,142.684,10,369.22,,0.2156,0,-7.29,,-1.39,0
856.23,142.87,10,368.68,,0.2078,0,134.11,,-1.39,0
857.36,143.06,10,368.13,,0.2334,0,300.38,,-1.39,0
858.48,143.247,10,367.58,,0.2369,0,301.64,,-1.39,0
859.61,143.434,10,367.04,,0.2496,0,284.43,,-1.39,0
860.73,143.621,10,366.5,,0.2495,0,127.42,,-1.39,0
861.73,143.787,10,366.02,,0.2691,0,-98.16,,-1.39,0
862.75,143.957,10,365.52,,0.2764,0,-241.89,,-1.39,0
863.76,144.126,10,365.03,,0.2744,0,-227.23,,-1.39,0
864.77,144.296,10,364.54,,0.2683,0,-236.56,,-1.39,0
865.89,144.483,10,364,,0.2924,0,-299.12,,-1.39,0
867.01,144.671,10,363.45,,0.2928,0,-180.02,,-1.39,0
868.13,144.86,10,362.91,,0.3067,0,24.31,,-1.39,0
869.14,145.025,10,362.43,,0.3104,0,-113.99,,-1.39,0
870.27,145.213,10,361.88,,0.3196,0,-364.47,,-1.39,0
871.38,145.399,10,361.34,,0.3221,0,-443.5,,-1.39,0
872.5,145.588,10,360.8,,0.3347,0,-253.72,,-1.39,0
873.63,145.775,10,360.25,,0.3268,0,126.48,,-1.39,0
874.76,145.963,10,359.71,,0.3481,0,97.64,,-1.39,0
875.88,146.148,10,359.17,,0.3566,0,-18.46,,-1.39,0
877,146.336,10,358.62,,0.3568,0,-145.08,,-1.39,0
878,146.502,10,358.14,,0.3808,0,-25.58,,-1.39,0
879.12,146.69,10,357.6,,0.3828,0,15.08,,-1.39,0
880.13,146.857,10,357.11,,0.4037,0,29.87,,-1.39,0
881.24,147.045,10,356.57,,0.4018,0,49.63,,-1.39,0
882.37,147.234,10,356.02,,0.4287,0,-66.54,,-1.39,0
883.38,147.398,10,355.55,,0.4399,0,-202.74,,-1.39,0
884.39,147.57,10,355.05,,0.4451,0,-256.29,,-1.39,0
885.4,147.738,10,354.56,,0.4593,0,-184.68,,-1.39,0
886.4,147.907,10,354.07,,0.4794,0,-15.64,,-1.39,0
887.42,148.074,10,353.59,,0.484,0,125.3,,-1.39,0
888.42,148.24,10,353.1,,0.5069,0,183.17,,-1.39,0
889.55,148.43,10,352.55,,0.5129,0,-18.47,,-1.39,0
890.67,148.616,10,352.01,,0.5308,0,-282.17,,-1.39,0
891.79,148.807,10,351.46,,0.5315,0,-383.97,,-1.39,0
892.8,148.974,10,350.98,,0.5575,0,-371.03,,-1.39,0
893.8,149.14,10,350.49,,0.5697,0,-302.32,,-1.39,0
894.91,149.327,10,349.95,,0.6014,0,-210.98,,-1.39,0
896.04,149.516,10,349.4,,0.603,0,-321.1,,-1.39,0
897.04,149.682,10,348.92,,0.6367,0,-183.47,,-1.39,0
898.16,149.866,10,348.39,,0.6448,0,64.34,,-1.39,0
899.28,150.057,10,347.84,,0.6692,0,277.77,,-1.39,0
900.28,150.226,10,347.34,,0.668,0,217.45,,-1.39,0
901.29,150.391,10,346.86,,0.6974,0,-3.32,,-1.39,0
902.41,150.577,10,346.33,,0.7116,0,-46.83,,-1.39,0
903.54,150.764,10,345.78,,0.7384,0,-60.32,,-1.39,0
904.66,150.954,10,345.23,,0.7601,0,-48.83,,-1.39,0
905.66,151.12,10,344.75,,0.7939,0,-162.83,,-1.39,0
906.79,151.307,10,344.21,,0.7981,0,-345.55,,-1.39,0
907.91,151.494,10,343.67,,0.8386,0,-295.03,,-1.39,0
908.91,151.661,10,343.18,,0.8512,0,-96.06,,-1.39,0
910.03,151.849,10,342.64,,0.8858,0,162.08,,-1.39,0
911.03,152.016,10,342.15,,0.8961,0,16.08,,-1.39,0
912.04,152.182,10,341.67,,0.9181,0,-81.94,,-1.39,0
913.15,152.371,10,341.12,,0.9502,0,-215.39,,-1.39,0
914.28,152.558,10,340.58,,0.9718,0,-33.59,,-1.39,0
915.4,152.745,10,340.04,,1.0041,0,83.15,,-1.39,0
916.53,152.931,10,339.5,,1.0186,0,45.68,,-1.4,0
917.65,153.126,10,338.93,,1.0528,0,-117.55,,-1.4,0
918.66,153.291,10,338.46,,1.0813,0,-77.2,,-1.4,0
919.78,153.477,10,337.92,,1.1032,0,-106.68,,-1.4,0
920.91,153.667,10,337.37,,1.1464,0,-28.39,,-1.4,0
921.91,153.834,10,336.88,,1.1732,0,-95.19,,-1.4,0
922.92,154.004,10,336.39,,1.2041,0,7.81,,-1.4,0
923.92,154.169,10,335.91,,1.2295,0,10.62,,-1.4,0
925.04,154.357,10,335.37,,1.2599,0,-10.54,,-1.4,0
926.05,154.523,10,334.88,,1.2948,0,-115.33,,-1.4,0
927.05,154.69,10,334.4,,1.3229,0,-146.86,,-1.4,0
928.17,154.88,10,333.85,,1.3745,0,-62.96,,-1.4,0
929.29,155.067,10,333.31,,1.4011,0,-71.09,,-1.4,0
930.29,155.232,10,332.83,,1.4526,0,-143.79,,-1.4,0
931.41,155.419,10,332.28,,1.4769,0,-316.61,,-1.4,0
932.41,155.587,10,331.8,,1.5291,0,-303.26,,-1.4,0
933.41,155.753,10,331.32,,1.5681,0,-168.46,,-1.4,0
934.54,155.94,10,330.77,,1.6004,0,109.28,,-1.4,0
935.66,156.13,10,330.22,,1.6399,0,-97.88,,-1.4,0
936.66,156.295,10,329.74,,1.6801,0,-333.06,,-1.4,0
937.67,156.462,10,329.26,,1.7244,0,-239.53,,-1.4,0
938.67,156.632,10,328.77,,1.7601,0,-17.7,,-1.4,0
939.8,156.819,10,328.22,,1.8151,0,56.12,,-1.4,0
940.92,157.008,10,327.68,,1.862,0,9.05,,-1.4,0
942.04,157.195,10,327.13,,1.9098,0,146.88,,-1.4,0
943.05,157.363,10,326.65,,1.9456,0,135.82,,-1.4,0
944.06,157.528,10,326.17,,1.9944,0,71.08,,-1.4,0
945.18,157.715,10,325.63,,2.025,0,-74.24,,-1.4,0
946.2,157.886,10,325.13,,2.0889,0,-120.42,,-1.4,0
947.32,158.074,10,324.58,,2.1328,0,-86.94,,-1.4,0
948.44,158.262,10,324.04,,2.1861,0,-97.78,,-1.4,0
949.45,158.427,10,323.56,,2.2202,0,-237.39,,-1.4,0
950.46,158.599,10,323.06,,2.2862,0,-350.69,,-1.4,0
951.47,158.764,10,322.58,,2.333,0,-410,,-1.4,0
952.48,158.937,10,322.08,,2.3813,0,-224.55,,-1.4,0
953.49,159.103,10,321.6,,2.4254,0,-106.47,,-1.4,0
954.49,159.269,10,321.12,,2.4878,0,119.58,,-1.4,0
955.49,159.437,10,320.63,,2.5352,0,227.1,,-1.4,0
956.62,159.626,10,320.09,,2.5979,0,142.77,,-1.4,0
957.62,159.794,10,319.6,,2.6657,0,111.33,,-1.4,0
958.74,159.978,10,319.06,,2.7478,0,18.35,,-1.4,0
959.86,160.167,10,318.52,,2.7862,0,-93.88,,-1.4,0
960.99,160.354,10,317.97,,2.8556,0,-204.25,,-1.4,0
962.11,160.54,10,317.43,,2.9173,0,-162.86,,-1.4,0
963.11,160.712,10,316.94,,2.9971,0,-61.07,,-1.4,0
964.11,160.877,10,316.46,,3.0458,0,-115.25,,-1.4,0
965.24,161.064,10,315.91,,3.1459,0,-355.72,,-1.4,0
966.36,161.254,10,315.36,,3.2178,0,-456.8,,-1.4,0
967.36,161.419,10,314.88,,3.2854,0,-382.65,,-1.4,0
968.48,161.608,10,314.34,,3.3543,0,-131.49,,-1.4,0
969.48,161.776,10,313.85,,3.4325,0,-120.07,,-1.4,0
970.6,161.963,10,313.31,,3.506,0,-72.55,,-1.4,0
971.73,162.149,10,312.77,,3.5905,0,-94.02,,-1.4,0
972.85,162.337,10,312.22,,3.6957,0,-118.02,,-1.4,0
973.85,162.504,10,311.74,,3.7719,0,-173.78,,-1.4,0
974.97,162.692,10,311.19,,3.8752,0,-242.88,,-1.4,0
976.1,162.878,10,310.65,,3.9583,0,-211.7,,-1.4,0
977.22,163.067,10,310.11,,4.0753,0,-339.28,,-1.4,0
978.34,163.252,10,309.57,,4.1466,0,-224.64,,-1.4,0
979.47,163.44,10,309.03,,4.2639,0,8.44,,-1.4,0
980.59,163.627,10,308.48,,4.359,0,218.65,,-1.4,0
981.72,163.817,10,307.93,,4.4681,0,183.56,,-1.4,0
982.73,163.987,10,307.44,,4.5729,0,16.04,,-1.4,0
983.74,164.152,10,306.96,,4.6691,0,-34.37,,-1.4,0
984.86,164.341,10,306.41,,4.7532,0,-4.55,,-1.4,0
985.98,164.528,10,305.87,,4.878,0,167.66,,-1.4,0
987.1,164.716,10,305.32,,4.9966,0,127.23,,-1.4,0
988.11,164.882,10,304.84,,5.1027,0,88.22,,-1.4,0
989.11,165.05,10,304.36,,5.2043,0,-70.76,,-1.4,0
990.23,165.237,10,303.81,,5.3383,0,91.84,,-1.4,0
991.35,165.425,10,303.27,,5.4436,0,103.11,,-1.4,0
992.47,165.611,10,302.73,,5.5762,0,67.88,,-1.4,0
993.48,165.778,10,302.24,,5.6901,0,-73.21,,-1.4,0
994.48,165.943,10,301.76,,5.8232,0,21.33,,-1.4,0
995.6,166.133,10,301.21,,5.9595,0,26.27,,-1.4,0
996.73,166.319,10,300.67,,6.1054,0,-78.28,,-1.4,0
997.74,166.492,10,300.17,,6.228,0,-345.69,,-1.4,0
998.86,166.678,10,299.63,,6.3656,0,-311.31,,-1.4,0
999.98,166.865,10,299.09,,6.4922,0,-157.85,,-1.4,0
1000.98,167.032,10,298.61,,6.6513,0,-141.52,,-1.4,0
1002.11,167.219,10,298.07,,6.7968,0,-133.06,,-1.4,0
1003.23,167.407,10,297.52,,6.9465,0,-205.57,,-1.4,0
1004.35,167.593,10,296.98,,7.0993,0,-256.66,,-1.4,0
1005.35,167.761,10,296.49,,7.2755,0,-356.88,,-1.4,0
1006.48,167.95,10,295.95,,7.4327,0,-341.84,,-1.4,0
1007.6,168.136,10,295.41,,7.5816,0,-463.52,,-1.4,0
1008.72,168.323,10,294.86,,7.7544,0,-421.42,,-1.4,0
1009.72,168.489,10,294.38,,7.9228,0,-350.76,,-1.4,0
1010.72,168.659,10,293.89,,8.0542,0,-158.5,,-1.4,0
1011.84,168.845,10,293.35,,8.2326,0,82.69,,-1.4,0
1012.97,169.03,10,292.81,,8.4191,0,17.66,,-1.4,0
1014.09,169.219,10,292.27,,8.5882,0,-127.75,,-1.4,0
1015.1,169.387,10,291.78,,8.7616,0,-172.21,,-1.4,0
1016.11,169.557,10,291.28,,8.9371,0,16.4,,-1.4,0
1017.11,169.724,10,290.8,,9.1211,0,-0.96,,-1.4,0
1018.12,169.889,10,290.32,,9.2575,0,-4.57,,-1.4,0
1019.13,170.061,10,289.82,,9.4516,0,-134.81,,-1.4,0
1020.25,170.25,10,289.28,,9.649,0,-107.12,,-1.4,0
1021.26,170.415,10,288.8,,9.8025,0,-145.48,,-1.4,0
1022.38,170.602,10,288.25,,10.0026,0,28.87,,-1.4,0
1023.5,170.789,10,287.71,,10.2254,0,46.25,,-1.4,0
1024.5,170.957,10,287.22,,10.3803,0,-5.62,,-1.4,0
1025.62,171.144,10,286.68,,10.6111,0,-37.12,,-1.4,0
1026.63,171.311,10,286.2,,10.7989,0,-74.91,,-1.4,0
1027.75,171.5,10,285.65,,10.9917,0,-345.04,,-1.4,0
1028.75,171.664,10,285.18,,11.1889,0,-455.89,,-1.4,0
1029.76,171.832,10,284.69,,11.3745,0,-360.58,,-1.4,0
1030.88,172.02,10,284.14,,11.5757,0,-137.6,,-1.4,0
1032,172.207,10,283.6,,11.834,0,-8.21,,-1.4,0
1033.12,172.393,10,283.06,,12.0635,0,-26.57,,-1.4,0
1034.13,172.56,10,282.58,,12.2794,0,-124.49,,-1.4,0
1035.24,172.75,10,282.03,,12.4905,0,-59.53,,-1.4,0
1036.37,172.942,10,281.47,,12.664,0,152,,-1.4,0
1037.38,173.107,10,280.99,,12.8781,0,109.02,,-1.4,0
1038.5,173.293,10,280.45,,13.1296,0,-146.71,,-1.4,0
1039.62,173.483,10,279.9,,13.3395,0,-181.67,,-1.4,0
1040.74,173.67,10,279.36,,13.5755,0,-127.12,,-1.4,0
1041.87,173.856,10,278.82,,13.8071,0,-246.51,,-1.4,0
1042.89,174.028,10,278.32,,14.0143,0,-326.17,,-1.4,0
1043.9,174.193,10,277.84,,14.2382,0,-221.3,,-1.4,0
1045.02,174.381,10,277.29,,14.4754,0,9.44,,-1.4,0
1046.02,174.549,10,276.81,,14.6994,0,-29.55,,-1.4,0
1047.14,174.735,10,276.27,,14.944,0,-119.51,,-1.4,0
1048.27,174.922,10,275.72,,15.2105,0,-205.3,,-1.4,0
1049.39,175.111,10,275.18,,15.4666,0,-101.37,,-1.4,0
1050.51,175.297,10,274.64,,15.6933,0,-70.98,,-1.4,0
1051.63,175.485,10,274.09,,15.9807,0,84.59,,-1.4,0
1052.75,175.674,10,273.55,,16.2395,0,18.4,,-1.4,0
1053.76,175.84,10,273.06,,16.4653,0,-111.48,,-1.4,0
1054.76,176.007,10,272.58,,16.731,0,-206.94,,-1.4,0
1055.88,176.193,10,272.04,,16.9953,0,-177.35,,-1.4,0
1056.89,176.361,10,271.55,,17.246,0,-182.17,,-1.4,0
1058.01,176.551,10,271,,17.5049,0,-157.18,,-1.4,0
1059.13,176.737,10,270.46,,17.8147,0,-27.11,,-1.4,0
1060.13,176.902,10,269.98,,18.1182,0,207.04,,-1.4,0
1061.14,177.074,10,269.49,,18.3207,0,176.99,,-1.4,0
1062.26,177.26,10,268.95,,18.5529,0,26.06,,-1.4,0
1063.26,177.426,10,268.46,,18.8154,0,-175.61,,-1.4,0
1064.39,177.616,10,267.91,,19.1348,0,-282.56,,-1.4,0
1065.39,177.781,10,267.43,,19.4266,0,-313.21,,-1.4,0
1066.52,177.97,10,266.89,,19.7824,0,-204.52,,-1.4,0
1067.64,178.158,10,266.34,,20.133,0,-105.63,,-1.4,0
1068.76,178.343,10,265.81,,20.5083,0,49.68,,-1.4,0
1069.89,178.531,10,265.26,,20.8542,0,-32.96,,-1.4,0
1071.01,178.718,10,264.72,,21.2318,0,-154.77,,-1.4,0
1072.13,178.907,10,264.17,,21.6126,0,-156.93,,-1.4,0
1073.25,179.093,10,263.63,,21.9808,0,27.22,,-1.4,0
1074.38,179.281,10,263.08,,22.4144,0,132.06,,-1.4,0
1075.38,179.448,10,262.6,,22.7648,0,-29.99,,-1.4,0
1076.51,179.636,10,262.05,,23.1683,0,-190.82,,-1.4,0
1077.63,179.822,10,261.52,,23.6126,0,-30.5,,-1.4,0
1078.75,180.009,10,260.97,,24.0287,0,76,,-1.4,0
1079.88,180.198,10,260.43,,24.4882,0,56.81,,-1.4,0
1080.88,180.37,10,259.93,,24.8466,0,23.92,,-1.4,0
1081.89,180.535,10,259.45,,25.2585,0,-79.53,,-1.4,0
1082.9,180.707,10,258.95,,25.6653,0,-173.08,,-1.4,0
1083.91,180.874,10,258.47,,26.0602,0,-224.91,,-1.4,0
1084.93,181.043,10,257.98,,26.4203,0,-107.32,,-1.4,0
1086.05,181.231,10,257.43,,26.8923,0,107.43,,-1.4,0
1087.17,181.42,10,256.88,,27.3728,0,110.05,,-1.4,0
1088.3,181.607,10,256.34,,27.7807,0,-119.08,,-1.4,0
1089.3,181.772,10,255.86,,28.1986,0,-349.02,,-1.4,0
1090.31,181.939,10,255.38,,28.5395,0,-320.26,,-1.4,0
1091.43,182.127,10,254.83,,28.9804,0,-404.64,,-1.4,0
1092.55,182.315,10,254.29,,29.4387,0,-351.76,,-1.4,0
1093.67,182.503,10,253.74,,29.8372,0,-335.04,,-1.4,0
1094.68,182.67,10,253.26,,30.2705,0,-327.18,,-1.4,0
1095.8,182.856,10,252.72,,30.7155,0,-184.03,,-1.4,0
1096.92,183.044,10,252.17,,31.1239,0,-14.51,,-1.4,0
1098.04,183.23,10,251.63,,31.5598,0,66.61,,-1.4,0
1099.16,183.42,10,251.08,,31.9899,0,31.13,,-1.4,0
1100.29,183.607,10,250.54,,32.3821,0,-12.18,,-1.4,0
1101.29,183.773,10,250.06,,32.7609,0,-237.83,,-1.4,0
1102.31,183.945,10,249.56,,33.0989,0,-311.54,,-1.4,0
1103.31,184.112,10,249.08,,33.4525,0,-245.35,,-1.4,0
1104.32,184.282,10,248.58,,33.7969,0,-98.63,,-1.4,0
1105.33,184.448,10,248.1,,34.1706,0,-151.93,,-1.4,0
1106.44,184.635,10,247.56,,34.5551,0,-153.96,,-1.4,0
1107.57,184.825,10,247.01,,34.9669,0,23.31,,-1.4,0
1108.57,184.99,10,246.53,,35.368,0,26.12,,-1.4,0
1109.57,185.155,10,246.05,,35.788,0,-143.14,,-1.4,0
1110.69,185.345,10,245.5,,36.1873,0,-291.89,,-1.4,0
1111.81,185.53,10,244.96,,36.5724,0,-316.39,,-1.4,0
1112.94,185.718,10,244.42,,37.0294,0,-306.61,,-1.4,0
1113.94,185.886,10,243.93,,37.3929,0,-241.88,,-1.4,0
1114.94,186.053,10,243.45,,37.7861,0,-89.1,,-1.4,0
1116.07,186.241,10,242.9,,38.1313,0,-8.35,,-1.4,0
1117.2,186.432,10,242.35,,38.538,0,-272.39,,-1.4,0
1118.21,186.598,10,241.87,,38.913,0,-291.63,,-1.4,0
1119.23,186.769,10,241.37,,39.2217,0,-449.51,,-1.4,0
1120.23,186.935,10,240.89,,39.6087,0,-480.64,,-1.4,0
1121.36,187.122,10,240.35,,40.0196,0,-521.83,,-1.4,0
1122.48,187.312,10,239.8,,40.3871,0,-384.98,,-1.4,0
1123.6,187.499,10,239.25,,40.8507,0,-287.88,,-1.4,0
1124.72,187.685,10,238.71,,41.1917,0,-191.62,,-1.4,0
1125.84,187.873,10,238.17,,41.5075,0,-147.98,,-1.4,0
1126.97,188.062,10,237.62,,41.8877,0,-187.1,,-1.4,0
1128.09,188.248,10,237.08,,42.2912,0,-251.08,,-1.4,0
1129.09,188.414,10,236.6,,42.5924,0,-326.16,,-1.4,0
1130.21,188.603,10,236.05,,42.888,0,-273.73,,-1.4,0
1131.22,188.768,10,235.57,,43.2415,0,-183.62,,-1.4,0
1132.34,188.955,10,235.03,,43.5702,0,-38.88,,-1.4,0
1133.46,189.142,10,234.49,,43.888,0,127.44,,-1.4,0
1134.59,189.33,10,233.94,,44.2423,0,215.3,,-1.4,0
1135.59,189.496,10,233.46,,44.5477,0,107.35,,-1.4,0
1136.59,189.664,10,232.97,,44.8192,0,-19.34,,-1.4,0
1137.71,189.851,10,232.43,,45.1345,0,29.43,,-1.4,0
1138.71,190.019,10,231.94,,45.4281,0,137.31,,-1.4,0
1139.83,190.206,10,231.4,,45.7455,0,53.77,,-1.4,0
1140.96,190.392,10,230.86,,46.0277,0,35.09,,-1.4,0
1141.96,190.562,10,230.37,,46.3333,0,136.72,,-1.4,0
1143.08,190.747,10,229.83,,46.6073,0,138.19,,-1.4,0
1144.2,190.935,10,229.29,,46.8888,0,156.86,,-1.4,0
1145.33,191.122,10,228.75,,47.2442,0,139.51,,-1.4,0
1146.33,191.292,10,228.25,,47.5408,0,73.33,,-1.4,0
1147.34,191.462,10,227.76,,47.7495,0,-85,,-1.4,0
1148.35,191.628,10,227.28,,48.0229,0,15.16,,-1.4,0
1149.35,191.797,10,226.79,,48.2688,0,64.22,,-1.4,0
1150.36,191.963,10,226.31,,48.5535,0,49.8,,-1.4,0
1151.36,192.131,10,225.82,,48.793,0,44.34,,-1.4,0
1152.48,192.318,10,225.28,,49.1189,0,-25.81,,-1.4,0
1153.61,192.505,10,224.74,,49.4135,0,-195.34,,-1.4,0
1154.61,192.672,10,224.25,,49.6311,0,-186.28,,-1.4,0
1155.73,192.86,10,223.71,,49.9173,0,-20.49,,-1.4,0
1156.73,193.027,10,223.22,,50.1723,0,56.56,,-1.4,0
1157.86,193.215,10,222.68,,50.4692,0,22.81,,-1.4,0
1158.86,193.379,10,222.2,,50.7227,0,-58.79,,-1.4,0
1159.86,193.553,10,221.7,,50.9755,0,-56.28,,-1.4,0
1160.98,193.74,10,221.15,,51.2581,0,-1.62,,-1.4,0
1161.99,193.905,10,220.68,,51.4644,0,170.66,,-1.4,0
1163,194.072,10,220.19,,51.7207,0,221.65,,-1.4,0
1164,194.24,10,219.7,,52.0129,0,197.26,,-1.4,0
1165,194.409,10,219.21,,52.2379,0,118.75,,-1.4,0
1166.13,194.599,10,218.66,,52.4834,0,21,,-1.4,0
1167.25,194.785,10,218.12,,52.7625,0,-62.17,,-1.4,0
1168.25,194.952,10,217.64,,52.9797,0,-48.92,,-1.4,0
1169.38,195.138,10,217.1,,53.2344,0,-6.79,,-1.4,0
1170.38,195.305,10,216.62,,53.492,0,-20.36,,-1.4,0
1171.5,195.495,10,216.07,,53.7715,0,-182.74,,-1.4,0
1172.51,195.66,10,215.59,,53.9736,0,-248.01,,-1.4,0
1173.63,195.847,10,215.04,,54.2456,0,-156.75,,-1.4,0
1174.63,196.014,10,214.56,,54.4754,0,-138.4,,-1.4,0
1175.76,196.202,10,214.01,,54.6582,0,-121.01,,-1.4,0
1176.76,196.368,10,213.53,,54.8782,0,-254.1,,-1.4,0
1177.88,196.556,10,212.99,,55.1978,0,-173.83,,-1.4,0
1179,196.743,10,212.44,,55.4297,0,-249.27,,-1.4,0
1180,196.914,10,211.95,,55.6534,0,-181.61,,-1.4,0
1181.13,197.102,10,211.4,,55.874,0,-110.46,,-1.4,0
1182.14,197.268,10,210.92,,56.1099,0,-145.46,,-1.4,0
1183.14,197.434,10,210.44,,56.3224,0,-141.75,,-1.4,0
1184.26,197.624,10,209.89,,56.5713,0,-197.12,,-1.4,0
1185.38,197.81,10,209.35,,56.7802,0,-100.08,,-1.4,0
1186.5,197.998,10,208.8,,57.0289,0,-19.4,,-1.4,0
1187.5,198.164,10,208.32,,57.1896,0,-49.62,,-1.4,0
1188.63,198.352,10,207.78,,57.44,0,-158.14,,-1.4,0
1189.75,198.539,10,207.24,,57.654,0,-150.74,,-1.4,0
1190.87,198.727,10,206.69,,57.8628,0,-49.8,,-1.4,0
1191.88,198.895,10,206.21,,58.0329,0,-103,,-1.4,0
1192.88,199.061,10,205.72,,58.2618,0,-162.88,,-1.4,0
1193.89,199.229,10,205.24,,58.4165,0,-116.87,,-1.4,0
1195.01,199.419,10,204.69,,58.6377,0,-26.39,,-1.4,0
1196.13,199.605,10,204.15,,58.8551,0,-60.42,,-1.4,0
1197.25,199.789,10,203.61,,59.0665,0,-49.05,,-1.41,0
1198.37,199.977,10,203.07,,59.2594,0,47.37,,-1.41,0
1199.37,200.143,10,202.58,,59.4712,0,94.41,,-1.41,0
1200.49,200.329,10,202.05,,59.6374,0,-81.82,,-1.41,0
1201.62,200.518,10,201.5,,59.8178,0,-256.87,,-1.41,0
1202.62,200.689,10,201,,60.0077,0,-200.34,,-1.41,0
1203.74,200.875,10,200.46,,60.1772,0,-99.72,,-1.41,0
1204.87,201.064,10,199.92,,60.3627,0,-150.44,,-1.41,0
1205.87,201.232,10,199.43,,60.5144,0,-269.43,,-1.41,0
1207,201.418,10,198.89,,60.6486,0,-153.54,,-1.41,0
1208.12,201.606,10,198.34,,60.8309,0,75,,-1.41,0
1209.24,201.792,10,197.8,,60.9868,0,34.34,,-1.41,0
1210.36,201.979,10,197.26,,61.178,0,-133.81,,-1.41,0
1211.49,202.169,10,196.71,,61.3264,0,-315.43,,-1.41,0
1212.5,202.334,10,196.23,,61.4695,0,-400.5,,-1.41,0
1213.51,202.505,10,195.74,,61.6097,0,-384.27,,-1.41,0
1214.53,202.677,10,195.24,,61.7188,0,-373.1,,-1.41,0
1215.55,202.846,10,194.75,,61.8847,0,-283.82,,-1.41,0
1216.57,203.014,10,194.26,,61.9802,0,-71.17,,-1.41,0
1217.59,203.184,10,193.77,,62.1233,0,-21.91,,-1.41,0
1218.61,203.355,10,193.27,,62.2269,0,20.52,,-1.41,0
1219.63,203.525,10,192.78,,62.3295,0,-183.14,,-1.41,0
1220.65,203.697,10,192.28,,62.4468,0,-138.92,,-1.41,0
1221.67,203.867,10,191.78,,62.5637,0,-143.64,,-1.41,0
1222.69,204.041,10,191.28,,62.6496,0,-116.33,,-1.41,0
1223.71,204.205,10,190.81,,62.7364,0,-267.55,,-1.41,0
1224.73,204.376,10,190.31,,62.8263,0,-485.09,,-1.41,0
1225.75,204.547,10,189.81,,62.9041,0,-443.18,,-1.41,0
1226.77,204.719,10,189.32,,62.9854,0,-336.54,,-1.41,0
1227.79,204.891,10,188.82,,63.0745,0,-312.52,,-1.41,0
1228.81,205.061,10,188.32,,63.1478,0,-435.13,,-1.41,0
1229.82,205.228,10,187.84,,63.2139,0,-507.38,,-1.41,0
1230.83,205.398,10,187.35,,63.275,0,-277.37,,-1.41,0
1231.84,205.562,10,186.87,,63.3345,0,-219.94,,-1.41,0
1232.85,205.734,10,186.37,,63.4027,0,-71.71,,-1.41,0
1233.87,205.905,10,185.88,,63.4017,0,-118.45,,-1.41,0
1234.89,206.071,10,185.39,,63.4891,0,-125.81,,-1.41,0
1235.9,206.244,10,184.89,,63.5193,0,-106.83,,-1.41,0
1236.92,206.415,10,184.4,,63.5651,0,-253.35,,-1.41,0
1237.93,206.58,10,183.92,,63.5922,0,-299.98,,-1.41,0
1238.95,206.752,10,183.42,,63.613,0,-368.05,,-1.41,0
1239.97,206.922,10,182.92,,63.6444,0,-127.62,,-1.41,0
1240.98,207.09,10,182.44,,63.6655,0,-160.16,,-1.41,0
1241.99,207.26,10,181.95,,63.6917,0,-267.72,,-1.41,0
1243,207.425,10,181.47,,63.706,0,-405.23,,-1.41,0
1244.02,207.596,10,180.97,,63.7201,0,-352.5,,-1.41,0
1245.05,207.769,10,180.47,,63.7194,0,-295.83,,-1.41,0
1246.06,207.939,10,179.98,,63.7344,0,-218.4,,-1.41,0
1247.08,208.111,10,179.48,,63.7356,0,-227.81,,-1.41,0
1248.1,208.281,10,178.98,,63.7433,0,-274.49,,-1.41,0
1249.13,208.452,10,178.49,,63.7524,0,-224,,-1.41,0
1250.14,208.621,10,178,,63.7775,0,-135.64,,-1.41,0
1251.17,208.793,10,177.5,,63.7928,0,10.9,,-1.41,0
1252.19,208.96,10,177.02,,63.796,0,-41.05,,-1.41,0
1253.21,209.129,10,176.53,,63.7931,0,-73.08,,-1.41,0
1254.23,209.302,10,176.02,,63.7972,0,-216.68,,-1.41,0
1255.25,209.471,10,175.53,,63.8216,0,-78.28,,-1.41,0
1256.27,209.644,10,175.03,,63.8126,0,54.84,,-1.41,0
1257.29,209.812,10,174.54,,63.8397,0,5.61,,-1.41,0
1258.31,209.985,10,174.04,,63.8339,0,-147.29,,-1.41,0
1259.33,210.151,10,173.56,,63.8411,0,-256.89,,-1.41,0
1260.33,210.321,10,173.07,,63.8247,0,-121.91,,-1.41,0
1261.35,210.489,10,172.58,,63.8594,0,-158.05,,-1.41,0
1262.36,210.658,10,172.09,,63.8507,0,-221.73,,-1.41,0
1263.38,210.831,10,171.59,,63.863,0,-257.41,,-1.41,0
1264.4,211.001,10,171.1,,63.8362,0,-321.19,,-1.41,0
1265.42,211.167,10,170.62,,63.8223,0,-416.15,,-1.41,0
1266.43,211.338,10,170.12,,63.8089,0,-364.67,,-1.41,0
1267.44,211.508,10,169.63,,63.8137,0,-131.47,,-1.41,0
1268.46,211.677,10,169.14,,63.7352,0,107.17,,-1.41,0
1269.48,211.848,10,168.64,,63.6593,0,178.72,,-1.41,0
1270.5,212.018,10,168.15,,63.6686,0,172.25,,-1.41,0
1271.51,212.188,10,167.66,,63.6444,0,88.8,,-1.41,0
1272.53,212.354,10,167.17,,63.6524,0,-19.66,,-1.41,0
1273.53,212.526,10,166.67,,63.6498,0,31.5,,-1.41,0
1274.55,212.691,10,166.19,,63.6591,0,-9.07,,-1.41,0
1275.57,212.863,10,165.7,,63.6634,0,-43.6,,-1.41,0
1276.59,213.034,10,165.2,,63.6647,0,-173.97,,-1.41,0
1277.61,213.207,10,164.7,,63.682,0,-258.85,,-1.41,0
1278.63,213.376,10,164.21,,63.6741,0,-214.8,,-1.41,0